姓名,去向,省份
张*,清华大学,北京
李*,北京大学,北京
王*,复旦大学,上海
赵*,浙江大学,浙江
钱*,上海交通大学,上海
孙*,中国科学技术大学,安徽
周*,南京大学,江苏
吴*,武汉大学,湖北
郑*,中山大学,广东
冯*,华中科技大学,湖北
陈*,四川大学,四川
褚*,山东大学,山东
卫*,吉林大学,吉林
蒋*,同济大学,上海
沈*,北京师范大学,北京
韩*,中国人民大学,北京
杨*,南开大学,天津
朱*,天津大学,天津
秦*,大连理工大学,辽宁
尤*,东北大学,辽宁
许*,哈尔滨工业大学,黑龙江
何*,北京航空航天大学,北京
吕*,北京理工大学,北京
施*,中国农业大学,北京
张**,国防科技大学,湖南
孔**,西北工业大学,陕西
曹**,华东师范大学,上海
严**,上海财经大学,上海
华**,对外经济贸易大学,北京
金**,中央财经大学,北京
魏**,中国政法大学,北京
陶**,北京外国语大学,北京
姜**,外交学院,北京
谢**,国际关系学院,北京
邹**,北京体育大学,北京
柏**,中央音乐学院,北京
水**,中央美术学院,北京
窦**,中央戏剧学院,北京
章**,北京电影学院,北京
云**,中国传媒大学,北京
苏**,北京舞蹈学院,北京
潘**,北京林业大学,北京
葛**,北京中医药大学,北京
奚**,北京协和医学院,北京
范**,首都医科大学,北京
彭**,北京科技大学,北京
郎**,北京化工大学,北京
鲁**,北京邮电大学,北京
韦**,中国地质大学（北京）,北京
昌**,中国矿业大学（北京）,北京
马**,中国石油大学（北京）,北京
苗**,中国农业大学,北京
凤**,北京林业大学,北京
花**,北京体育大学,北京
方**,中央音乐学院,北京
俞**,中央美术学院,北京
任**,中央戏剧学院,北京
袁**,北京电影学院,北京
柳**,中国传媒大学,北京
酆**,北京舞蹈学院,北京
鲍**,北京林业大学,北京
史**,北京中医药大学,北京
唐**,北京协和医学院,北京
费**,首都医科大学,北京
廉**,北京科技大学,北京
岑**,北京化工大学,北京
薛**,北京邮电大学,北京
雷**,中国地质大学（北京）,北京
贺**,中国矿业大学（北京）,北京
倪**,中国石油大学（北京）,北京
汤**,中国农业大学,北京
滕**,北京林业大学,北京
殷**,北京体育大学,北京
罗**,中央音乐学院,北京
毕**,中央美术学院,北京
郝**,中央戏剧学院,北京
邬**,北京电影学院,北京
安**,中国传媒大学,北京
常**,北京舞蹈学院,北京
乐**,北京林业大学,北京
于**,北京中医药大学,北京
时**,北京协和医学院,北京
傅**,首都医科大学,北京
皮**,北京科技大学,北京
卞**,北京化工大学,北京
齐**,北京邮电大学,北京
康**,中国地质大学（北京）,北京
伍**,中国矿业大学（北京）,北京
余**,中国石油大学（北京）,北京
元**,中国农业大学,北京
卜**,北京林业大学,北京
顾**,北京体育大学,北京
孟**,中央音乐学院,北京
平**,中央美术学院,北京
黄**,中央戏剧学院,北京
和**,北京电影学院,北京
穆**,中国传媒大学,北京
萧**,北京舞蹈学院,北京
尹**,北京林业大学,北京
姚**,北京中医药大学,北京
邵**,北京协和医学院,北京
湛**,首都医科大学,北京
汪**,北京科技大学,北京
祁**,北京化工大学,北京
毛**,北京邮电大学,北京
禹**,中国地质大学（北京）,北京
艾**,中国矿业大学（北京）,北京
狄**,中国石油大学（北京）,北京
米**,中国农业大学,北京
贝**,北京林业大学,北京
明**,北京体育大学,北京
臧**,中央音乐学院,北京
计**,中央美术学院,北京
伏**,中央戏剧学院,北京
成**,北京电影学院,北京
戴**,中国传媒大学,北京
谈**,北京舞蹈学院,北京
宋**,北京林业大学,北京
茅**,北京中医药大学,北京
庞**,北京协和医学院,北京
熊**,首都医科大学,北京
纪**,北京科技大学,北京
舒**,北京化工大学,北京
屈**,北京邮电大学,北京
项**,中国地质大学（北京）,北京
祝**,中国矿业大学（北京）,北京
董**,中国石油大学（北京）,北京
梁**,中国农业大学,北京
杜**,北京林业大学,北京
阮**,北京体育大学,北京
蓝**,中央音乐学院,北京
闵**,中央美术学院,北京
席**,中央戏剧学院,北京
季**,北京电影学院,北京
麻**,中国传媒大学,北京
强**,北京舞蹈学院,北京
贾**,北京林业大学,北京
路**,北京中医药大学,北京
娄**,北京协和医学院,北京
危**,首都医科大学,北京
江**,北京科技大学,北京
童**,北京化工大学,北京
颜**,北京邮电大学,北京
郭**,中国地质大学（北京）,北京
梅**,中国矿业大学（北京）,北京
盛**,中国石油大学（北京）,北京
林**,中国农业大学,北京
刁**,北京林业大学,北京
钟**,北京体育大学,北京
徐**,中央音乐学院,北京
邱**,中央美术学院,北京
骆**,中央戏剧学院,北京
高**,北京电影学院,北京
夏**,中国传媒大学,北京
蔡**,北京舞蹈学院,北京
田**,北京林业大学,北京
樊**,北京中医药大学,北京
胡**,北京协和医学院,北京
凌**,首都医科大学,北京
霍**,北京科技大学,北京
虞**,北京化工大学,北京
万**,北京邮电大学,北京
支**,中国地质大学（北京）,北京
柯**,中国矿业大学（北京）,北京
昝**,中国石油大学（北京）,北京
管**,中国农业大学,北京
卢**,北京林业大学,北京
莫**,北京体育大学,北京
经**,中央音乐学院,北京
房**,中央美术学院,北京
裘**,中央戏剧学院,北京
缪**,北京电影学院,北京
干**,中国传媒大学,北京
解**,北京舞蹈学院,北京
应**,北京林业大学,北京
宗**,北京中医药大学,北京
丁**,北京协和医学院,北京
宣**,首都医科大学,北京
贲**,北京科技大学,北京
邓**,北京化工大学,北京
郁**,北京邮电大学,北京
单**,中国地质大学（北京）,北京
杭**,中国矿业大学（北京）,北京
洪**,中国石油大学（北京）,北京
包**,中国农业大学,北京
诸**,北京林业大学,北京
左**,北京体育大学,北京
石**,中央音乐学院,北京
崔**,中央美术学院,北京
吉**,中央戏剧学院,北京
钮**,北京电影学院,北京
龚**,中国传媒大学,北京
程**,北京舞蹈学院,北京
嵇**,北京林业大学,北京
邢**,北京中医药大学,北京
滑**,北京协和医学院,北京
裴**,首都医科大学,北京
陆**,北京科技大学,北京
荣**,北京化工大学,北京
翁**,北京邮电大学,北京
荀**,中国地质大学（北京）,北京
羊**,中国矿业大学（北京）,北京
於**,中国石油大学（北京）,北京
惠**,中国农业大学,北京
甄**,北京林业大学,北京
曲**,北京体育大学,北京
家**,中央音乐学院,北京
封**,中央美术学院,北京
芮**,中央戏剧学院,北京
羿**,北京电影学院,北京
储**,中国传媒大学,北京
靳**,北京舞蹈学院,北京
汲**,北京林业大学,北京
邴**,北京中医药大学,北京
糜**,北京协和医学院,北京
松**,首都医科大学,北京
井**,北京科技大学,北京
段**,北京化工大学,北京
富**,北京邮电大学,北京
巫**,中国地质大学（北京）,北京
乌**,中国矿业大学（北京）,北京
焦**,中国石油大学（北京）,北京
巴**,中国农业大学,北京
弓**,北京林业大学,北京
牧**,北京体育大学,北京
隗**,中央音乐学院,北京
山**,中央美术学院,北京
谷**,中央戏剧学院,北京
车**,北京电影学院,北京
侯**,中国传媒大学,北京
宓**,北京舞蹈学院,北京
蓬**,北京林业大学,北京
全**,北京中医药大学,北京
郗**,北京协和医学院,北京
班**,首都医科大学,北京
仰**,北京科技大学,北京
秋**,北京化工大学,北京
仲**,北京邮电大学,北京
伊**,中国地质大学（北京）,北京
宫**,中国矿业大学（北京）,北京
宁**,中国石油大学（北京）,北京
仇**,中国农业大学,北京
栾**,北京林业大学,北京
暴**,北京体育大学,北京
甘**,中央音乐学院,北京
钭**,中央美术学院,北京
厉**,中央戏剧学院,北京
戎**,北京电影学院,北京
祖**,中国传媒大学,北京
武**,北京舞蹈学院,北京
符**,北京林业大学,北京
刘**,北京中医药大学,北京
景**,北京协和医学院,北京
詹**,首都医科大学,北京
束**,北京科技大学,北京
龙**,北京化工大学,北京
叶**,北京邮电大学,北京
幸**,中国地质大学（北京）,北京
司**,中国矿业大学（北京）,北京
韶**,中国石油大学（北京）,北京
郜**,中国农业大学,北京
黎**,北京林业大学,北京
蓟**,北京体育大学,北京
薄**,中央音乐学院,北京
印**,中央美术学院,北京
宿**,中央戏剧学院,北京
白**,北京电影学院,北京
怀**,中国传媒大学,北京
蒲**,北京舞蹈学院,北京
邰**,北京林业大学,北京
从**,北京中医药大学,北京
鄂**,北京协和医学院,北京
索**,首都医科大学,北京
咸**,北京科技大学,北京
籍**,北京化工大学,北京
赖**,北京邮电大学,北京
卓**,中国地质大学（北京）,北京
蔺**,中国矿业大学（北京）,北京
屠**,中国石油大学（北京）,北京
蒙**,中国农业大学,北京
池**,北京林业大学,北京
乔**,北京体育大学,北京
阴**,中央音乐学院,北京
鬱**,中央美术学院,北京
胥**,中央戏剧学院,北京
能**,北京电影学院,北京
苍**,中国传媒大学,北京
双**,北京舞蹈学院,北京
闻**,北京林业大学,北京
莘**,北京中医药大学,北京
党**,北京协和医学院,北京
翟**,首都医科大学,北京
谭**,北京科技大学,北京
贡**,北京化工大学,北京
劳**,北京邮电大学,北京
逄**,中国地质大学（北京）,北京
姬**,中国矿业大学（北京）,北京
申**,中国石油大学（北京）,北京
扶**,中国农业大学,北京
堵**,北京林业大学,北京
冉**,北京体育大学,北京
宰**,中央音乐学院,北京
郦**,中央美术学院,北京
雍**,中央戏剧学院,北京
却**,北京电影学院,北京
璩**,中国传媒大学,北京
桑**,北京舞蹈学院,北京
桂**,北京林业大学,北京
濮**,北京中医药大学,北京
牛**,北京协和医学院,北京
寿**,首都医科大学,北京
通**,北京科技大学,北京
边**,北京化工大学,北京
扈**,北京邮电大学,北京
燕**,中国地质大学（北京）,北京
冀**,中国矿业大学（北京）,北京
郏**,中国石油大学（北京）,北京
浦**,中国农业大学,北京
尚**,北京林业大学,北京
农**,北京体育大学,北京
温**,中央音乐学院,北京
别**,中央美术学院,北京
庄**,中央戏剧学院,北京
晏**,北京电影学院,北京
柴**,中国传媒大学,北京
瞿**,北京舞蹈学院,北京
阎**,北京林业大学,北京
充**,北京中医药大学,北京
慕**,北京协和医学院,北京
连**,首都医科大学,北京
茹**,北京科技大学,北京
习**,北京化工大学,北京
宦**,北京邮电大学,北京
艾**,中国地质大学（北京）,北京
鱼**,中国矿业大学（北京）,北京
容**,中国石油大学（北京）,北京
向**,中国农业大学,北京
古**,北京林业大学,北京
易**,北京体育大学,北京
慎**,中央音乐学院,北京
戈**,中央美术学院,北京
廖**,中央戏剧学院,北京
庾**,北京电影学院,北京
终**,中国传媒大学,北京
暨**,北京舞蹈学院,北京
居**,北京林业大学,北京
衡**,北京中医药大学,北京
步**,北京协和医学院,北京
都**,首都医科大学,北京
耿**,北京科技大学,北京
满**,北京化工大学,北京
弘**,北京邮电大学,北京
匡**,中国地质大学（北京）,北京
国**,中国矿业大学（北京）,北京
文**,中国石油大学（北京）,北京
寇**,中国农业大学,北京
广**,北京林业大学,北京
禄**,北京体育大学,北京
阙**,中央音乐学院,北京
东**,中央美术学院,北京
欧**,中央戏剧学院,北京
殳**,北京电影学院,北京
沃**,中国传媒大学,北京
利**,北京舞蹈学院,北京
蔚**,北京林业大学,北京
越**,北京中医药大学,北京
夔**,北京协和医学院,北京
隆**,首都医科大学,北京
师**,北京科技大学,北京
巩**,北京化工大学,北京
厍**,北京邮电大学,北京
聂**,中国地质大学（北京）,北京
晁**,中国矿业大学（北京）,北京
勾**,中国石油大学（北京）,北京
敖**,中国农业大学,北京
融**,北京林业大学,北京
冷**,北京体育大学,北京
訾**,中央音乐学院,北京
辛**,中央美术学院,北京
阚**,中央戏剧学院,北京
那**,北京电影学院,北京
简**,中国传媒大学,北京
饶**,北京舞蹈学院,北京
空**,北京林业大学,北京
曾**,北京中医药大学,北京
毋**,北京协和医学院,北京
沙**,首都医科大学,北京
乜**,北京科技大学,北京
养**,北京化工大学,北京
鞠**,北京邮电大学,北京
须**,中国地质大学（北京）,北京
丰**,中国矿业大学（北京）,北京
巢**,中国石油大学（北京）,北京
关**,中国农业大学,北京
蒯**,北京林业大学,北京
相**,北京体育大学,北京
查**,中央音乐学院,北京
后**,中央美术学院,北京
荆**,中央戏剧学院,北京
红**,北京电影学院,北京
游**,中国传媒大学,北京
竺**,北京舞蹈学院,北京
权**,北京林业大学,北京
逯**,北京中医药大学,北京
盖**,北京协和医学院,北京
益**,首都医科大学,北京
桓**,北京科技大学,北京
公**,北京化工大学,北京
万俟**,北京邮电大学,北京
司马**,中国地质大学（北京）,北京
上官**,中国矿业大学（北京）,北京
欧阳**,中国石油大学（北京）,北京
夏侯**,中国农业大学,北京
诸葛**,北京林业大学,北京
闻人**,北京体育大学,北京
东方**,中央音乐学院,北京
赫连**,中央美术学院,北京
皇甫**,中央戏剧学院,北京
尉迟**,北京电影学院,北京
公羊**,中国传媒大学,北京
澹台**,北京舞蹈学院,北京
公冶**,北京林业大学,北京
宗政**,北京中医药大学,北京
濮阳**,北京协和医学院,北京
淳于**,首都医科大学,北京
单于**,北京科技大学,北京
太叔**,北京化工大学,北京
申屠**,北京邮电大学,北京
公孙**,中国地质大学（北京）,北京
仲孙**,中国矿业大学（北京）,北京
轩辕**,中国石油大学（北京）,北京
令狐**,中国农业大学,北京
钟离**,北京林业大学,北京
宇文**,北京体育大学,北京
长孙**,中央音乐学院,北京
慕容**,中央美术学院,北京
鲜于**,中央戏剧学院,北京
闾丘**,北京电影学院,北京
司徒**,中国传媒大学,北京
司空**,北京舞蹈学院,北京
亓官**,北京林业大学,北京
司寇**,北京中医药大学,北京
仉**,北京协和医学院,北京
督**,首都医科大学,北京
子车**,北京科技大学,北京
颛孙**,北京化工大学,北京
端木**,北京邮电大学,北京
巫马**,中国地质大学（北京）,北京
公西**,中国矿业大学（北京）,北京
漆雕**,中国石油大学（北京）,北京
乐正**,中国农业大学,北京
壤驷**,北京林业大学,北京
公良**,北京体育大学,北京
拓跋**,中央音乐学院,北京
夹谷**,中央美术学院,北京
宰父**,中央戏剧学院,北京
谷梁**,北京电影学院,北京
晋**,中国传媒大学,北京
楚**,北京舞蹈学院,北京
闫**,北京林业大学,北京
法**,北京中医药大学,北京
汝**,北京协和医学院,北京
鄢**,首都医科大学,北京
涂**,北京科技大学,北京
钦**,北京化工大学,北京
段干**,北京邮电大学,北京
百里**,中国地质大学（北京）,北京
东郭**,中国矿业大学（北京）,北京
南门**,中国石油大学（北京）,北京
呼延**,中国农业大学,北京
归**,北京林业大学,北京
海**,北京体育大学,北京
羊舌**,中央音乐学院,北京
微生**,中央美术学院,北京
岳**,中央戏剧学院,北京
帅**,北京电影学院,北京
缑**,中国传媒大学,北京
亢**,北京舞蹈学院,北京
况**,北京林业大学,北京
後**,北京中医药大学,北京
有**,北京协和医学院,北京
琴**,首都医科大学,北京
梁丘**,北京科技大学,北京
左丘**,北京化工大学,北京
东门**,北京邮电大学,北京
西门**,中国地质大学（北京）,北京
商**,中国矿业大学（北京）,北京
牟**,中国石油大学（北京）,北京
佘**,中国农业大学,北京
佴**,北京林业大学,北京
伯**,北京体育大学,北京
赏**,中央音乐学院,北京
南宫**,中央美术学院,北京
墨**,中央戏剧学院,北京
哈**,北京电影学院,北京
谯**,中国传媒大学,北京
笪**,北京舞蹈学院,北京
年**,北京林业大学,北京
爱**,北京中医药大学,北京
阳**,北京协和医学院,北京
佟**,首都医科大学,北京
第五**,北京科技大学,北京
言**,北京化工大学,北京
福**,北京邮电大学,北京